Root_Chord,Taper,Dihedral,Twist,Span,L_D,CD
1.2136083638932267,0.820673270821688,-4.948731904417798,-14.701028645708426,1.933800836827409,12.07347235711337,-0.0184246297
1.3616544503397472,0.8536110561771753,-4.509714438877083,-14.468236939960523,1.9472544355092862,11.622667937222724,-0.017808653043
1.090795641379653,0.8536110561771753,-4.791129407023819,-14.468236939960523,1.9472544355092862,12.459522450697724,-0.018560026112
1.3715221363573984,0.8370977169094406,4.866464265558736,-14.75676489068028,1.9360100619558618,11.564820025089256,-0.017799771489
1.231986056046721,0.8606335463469448,4.836655969934558,-14.749072088099759,1.933800836827409,11.927076220945223,-0.017812200243
1.1048060142027667,0.5800744098744871,-4.59861540410977,-14.462625834520189,1.9472544355092862,12.608233860436638,-0.024126955312
1.093587387432906,0.7934196336317346,-8.591613790056165,-13.233347064573127,1.9362482336753968,12.49707335268623,-0.020909008992
