Derivative,Value
CL_de,0.714525
CY_beta,0.008726
CY_p,-0.0572862
CY_r,0.0144042
Cl_beta,-0.0438759
Cl_p,-0.2018838
Cl_r,0.0647377
Cl_da,-0.1226785
Cm_q,-0.484609
Cm_de,-0.2253952
Cn_beta,0.0046921
Cn_p,-0.0101281
Cn_r,-0.0047505
Cn_da,0.0189221
